cell_type_num,rare_cell_type_num,ppl
2,0,230.53066643543085
3,0,217.3787613653231
4,0,214.11117221899383
5,0,209.3152703716369
6,0,207.00687231485907
7,0,204.68283455590253
8,0,204.19807372382195
9,1,203.31901030694524
10,1,205.32403084122453
11,2,202.85992869323533
12,3,211.7877668788617
13,4,212.96001538778654
14,3,208.20345090974624
15,6,206.10350792450058
